player,pos,team,worpTier,worp,porp,tradeValue,week,spikeHighP,spikeMidP,spikeLowP
Bijan Robinson,RB,ATL,0,2.2,203.2,10200,16,0.625,0.8125,0.9375
Josh Allen,QB,BUF,0,1.91,177.98,10200,16,0.375,0.625,0.8125
Ja'Marr Chase,WR,CIN,1,1.17,111.4,10093,15,0.4666666666666667,0.6666666666666666,0.6666666666666666
Jahmyr Gibbs,RB,DET,0,1.84,189.1,9977,16,0.375,0.625,0.8125
Jaxon Smith-Njigba,WR,SEA,1,1.66,164.6,9816,16,0.625,0.8125,0.9375
Drake Maye,QB,NE,1,1.48,143.04,9646,16,0.25,0.625,0.9375
Puka Nacua,WR,LA,0,1.84,171.1,8934,15,0.6,0.8666666666666667,0.9333333333333333
Brock Bowers,TE,LV,2,0.54,48.7,8143,12,0.3333333333333333,0.5,0.8333333333333334
Caleb Williams,QB,CHI,2,1.15,112.72,7752,16,0.1875,0.5,0.75
Lamar Jackson,QB,BAL,2,0.53,45.88,7712,12,0.25,0.4166666666666667,0.5
Jayden Daniels,QB,WAS,3,0.26,23.36,7677,7,0.14285714285714285,0.14285714285714285,0.8571428571428571
Amon-Ra St. Brown,WR,DET,1,1.18,118.7,7659,16,0.3125,0.625,0.75
Jeremiyah Love,RB,ARI,,,,7655,,NaN,NaN,NaN
Justin Jefferson,WR,MIN,3,0.2,17.1,7585,16,0.0625,0.25,0.5
Ashton Jeanty,RB,LV,2,0.91,83.2,7442,16,0.25,0.4375,0.5625
Malik Nabers,WR,NYG,3,0.17,15.4,7380,4,0.25,0.25,0.5
Trey McBride,TE,ARI,2,1.15,117.2,7321,16,0.5625,0.6875,0.875
Joe Burrow,QB,CIN,3,0.28,24.06,7152,7,0.2857142857142857,0.2857142857142857,0.5714285714285714
CeeDee Lamb,WR,DAL,2,0.66,60.3,6744,13,0.15384615384615385,0.5384615384615384,0.7692307692307693
De'Von Achane,RB,MIA,1,1.78,166.4,6307,16,0.4375,1,1
Justin Herbert,QB,LAC,2,1.05,98.16,6297,16,0.3125,0.3125,0.875
Patrick Mahomes,QB,KC,1,1.35,117.12,6155,14,0.42857142857142855,0.5714285714285714,0.7142857142857143
Drake London,WR,ATL,2,0.67,65.5,6089,11,0.36363636363636365,0.45454545454545453,0.5454545454545454
Omarion Hampton,RB,LAC,3,0.52,47.1,6050,9,0.2222222222222222,0.5555555555555556,0.6666666666666666
Jalen Hurts,QB,PHI,2,1.12,106.2,5899,16,0.1875,0.5,0.8125
Jaxson Dart,QB,NYG,2,0.58,58.52,5828,13,0.3076923076923077,0.46153846153846156,0.6923076923076923
Tetairoa McMillan,WR,CAR,3,0.43,41.4,5165,16,0.0625,0.25,0.5
Trevor Lawrence,QB,JAX,1,1.24,122.66,5099,16,0.25,0.375,0.75
Colston Loveland,TE,CHI,3,-0.06,1,5047,15,0.2,0.26666666666666666,0.5333333333333333
Bo Nix,QB,DEN,2,1.03,102.58,4997,16,0.125,0.3125,0.8125
Jonathan Taylor,RB,IND,0,2.22,212,4719,16,0.4375,0.6875,1
James Cook,RB,BUF,1,1.74,161.8,4608,16,0.625,0.75,0.875
Carnell Tate,WR,TEN,,,,4397,,NaN,NaN,NaN
Brock Purdy,QB,SF,2,0.87,81.98,4330,8,0.375,0.5,1
Tyler Warren,TE,IND,3,0.23,19.3,4323,16,0.25,0.375,0.6875
Emeka Egbuka,WR,TB,3,0.5,36.8,4279,16,0.25,0.25,0.3125
George Pickens,WR,DAL,1,1.22,117.1,4198,16,0.3125,0.5625,0.8125
Jordan Love,QB,GB,2,0.68,56.12,3903,15,0.13333333333333333,0.3333333333333333,0.6666666666666666
Nico Collins,WR,HOU,2,0.76,72.5,3900,15,0.3333333333333333,0.4666666666666667,0.6666666666666666
Garrett Wilson,WR,NYJ,3,0.34,24.5,3795,7,0.42857142857142855,0.5714285714285714,0.5714285714285714
Kenneth Walker,RB,KC,3,0.36,35.6,3782,16,0.25,0.3125,0.5625
Chris Olave,WR,NO,2,0.93,91.6,3733,16,0.3125,0.4375,0.5625
Breece Hall,RB,NYJ,2,0.75,65.76,3706,16,0.25,0.5,0.5
Christian McCaffrey,RB,SF,0,2.42,232,3705,16,0.75,0.9375,1
Quinshon Judkins,RB,CLE,3,0.41,39.7,3698,15,0.13333333333333333,0.4,0.5333333333333333
Cam Ward,QB,TEN,4,-0.25,-17.68,3639,16,0.0625,0.0625,0.375
Fernando Mendoza,QB,LV,,,,3638,,NaN,NaN,NaN
Ladd McConkey,WR,LAC,3,0.23,19.5,3527,16,0.1875,0.25,0.5
TreVeyon Henderson,RB,NE,3,0.47,49.5,3495,16,0.1875,0.25,0.5625
Dak Prescott,QB,DAL,1,1.31,123.92,3488,16,0.25,0.625,0.8125
Rome Odunze,WR,CHI,3,0.35,30.4,3432,12,0.16666666666666666,0.4166666666666667,0.5
Rashee Rice,WR,KC,2,0.67,61.9,3406,8,0.5,0.625,0.625
Chase Brown,RB,CIN,2,1.1,105.3,3406,16,0.3125,0.6875,0.8125
A.J. Brown,WR,NE,2,0.65,62,3347,15,0.26666666666666666,0.4,0.6
Saquon Barkley,RB,PHI,2,1,91.9,3346,16,0.4375,0.5625,0.8125
Marvin Harrison,WR,ARI,3,0.15,9.7,3283,12,0.16666666666666666,0.25,0.5
Luther Burden,WR,CHI,4,-0.14,-10.1,3267,14,0.14285714285714285,0.14285714285714285,0.2857142857142857
Makai Lemon,WR,PHI,,,,3222,,NaN,NaN,NaN
Jordyn Tyson,WR,NO,,,,3177,,NaN,NaN,NaN
DeVonta Smith,WR,PHI,3,0.28,30.5,3160,16,0.0625,0.375,0.4375
Bucky Irving,RB,TB,3,0.49,40,3073,9,0.1111111111111111,0.6666666666666666,0.6666666666666666
Tucker Kraft,TE,GB,3,0.41,38.8,3072,8,0.25,0.5,0.75
Kyren Williams,RB,LA,1,1.18,109.2,3044,16,0.375,0.6875,0.875
Jadarian Price,RB,SEA,,,,3001,,NaN,NaN,NaN
Tyler Shough,QB,NO,3,0.26,23.52,2990,10,0,0.2,0.6
Brian Thomas,WR,JAX,3,0,1.9,2969,13,0.07692307692307693,0.15384615384615385,0.3076923076923077
Zay Flowers,WR,BAL,3,0.49,44.3,2969,16,0.1875,0.25,0.625
Harold Fannin,TE,CLE,3,0.26,25.3,2957,16,0.1875,0.375,0.75
Jaylen Waddle,WR,DEN,3,0.39,35.72,2886,16,0.125,0.375,0.5625
Tee Higgins,WR,CIN,2,0.57,59,2875,14,0.14285714285714285,0.5,0.5
Cam Skattebo,RB,NYG,3,0.52,52.4,2821,8,0.25,0.375,0.875
C.J. Stroud,QB,HOU,3,0.37,34.6,2784,13,0.07692307692307693,0.15384615384615385,0.6153846153846154
Josh Jacobs,RB,GB,2,1.08,101.5,2778,15,0.4,0.6666666666666666,0.7333333333333333
Baker Mayfield,QB,TB,2,0.78,69.84,2757,16,0,0.3125,0.875
Jared Goff,QB,DET,2,0.91,86.6,2720,16,0.1875,0.375,0.6875
Sam LaPorta,TE,DET,3,0.19,16.7,2717,9,0.3333333333333333,0.4444444444444444,0.5555555555555556
Travis Etienne,RB,NO,2,1.11,109.1,2707,16,0.375,0.6875,0.875
Kyler Murray,QB,MIN,3,0.1,7.88,2681,5,0,0,0.6
Javonte Williams,RB,DAL,2,1.15,100.5,2669,16,0.3125,0.6875,0.875
Sam Darnold,QB,SEA,3,0.39,39.38,2615,16,0.1875,0.4375,0.5
Jameson Williams,WR,DET,2,0.56,51.6,2570,16,0.3125,0.5,0.5625
Kyle Pitts,TE,ATL,3,0.34,33.3,2531,16,0.1875,0.375,0.625
KC Concepcion,WR,CLE,,,,2513,,NaN,NaN,NaN
Kenyon Sadiq,TE,NYJ,,,,2468,,NaN,NaN,NaN
Bryce Young,QB,CAR,3,0.23,18.58,2445,15,0.13333333333333333,0.2,0.3333333333333333
Malik Willis,QB,MIA,3,0.09,6.96,2393,4,0.25,0.25,0.25
Matthew Stafford,QB,LA,1,1.32,129.5,2292,16,0.375,0.5,0.9375
Derrick Henry,RB,BAL,1,1.47,136,2270,16,0.4375,0.5625,0.875
Daniel Jones,QB,IND,2,0.77,70.02,2205,13,0.15384615384615385,0.3076923076923077,0.8461538461538461
Bhayshul Tuten,RB,JAX,4,-0.36,-34.9,2188,14,0,0.14285714285714285,0.35714285714285715
Ty Simpson,QB,LA,,,,2175,,NaN,NaN,NaN
DJ Moore,WR,BUF,3,0.15,18.18,2145,16,0.25,0.25,0.3125
Omar Cooper,WR,NYJ,,,,2011,,NaN,NaN,NaN
Eli Stowers,TE,PHI,,,,1995,,NaN,NaN,NaN
Christian Watson,WR,GB,3,0.42,38.4,1987,10,0.3,0.4,0.5
Jordan Addison,WR,MIN,3,0.12,10.8,1983,13,0,0.3076923076923077,0.38461538461538464
Terry McLaurin,WR,WAS,3,0.17,14,1930,9,0.1111111111111111,0.3333333333333333,0.3333333333333333
Alec Pierce,WR,IND,3,0.24,21.7,1924,14,0.07142857142857142,0.2857142857142857,0.42857142857142855
D'Andre Swift,RB,CHI,2,0.95,89.7,1862,15,0.3333333333333333,0.5333333333333333,0.8666666666666667
Parker Washington,WR,JAX,3,0.14,18.8,1861,15,0.06666666666666667,0.26666666666666666,0.3333333333333333
David Montgomery,RB,HOU,3,0.29,23.42,1854,16,0.125,0.1875,0.5625
Michael Wilson,WR,ARI,3,0.28,35.8,1851,16,0.25,0.3125,0.375
Denzel Boston,WR,CLE,,,,1833,,NaN,NaN,NaN
Oronde Gadsden,TE,LAC,4,-0.13,-6.2,1799,14,0.14285714285714285,0.14285714285714285,0.5714285714285714
Jonah Coleman,RB,DEN,,,,1781,,NaN,NaN,NaN
Davante Adams,WR,LA,2,0.87,83,1781,14,0.35714285714285715,0.5714285714285714,0.6428571428571429
Matthew Golden,WR,GB,4,-0.5,-49.1,1769,13,0,0,0.07692307692307693
RJ Harvey,RB,DEN,2,0.63,54.4,1726,16,0.25,0.4375,0.625
DK Metcalf,WR,PIT,3,0.43,40,1724,15,0.2,0.26666666666666666,0.4666666666666667
Josh Downs,WR,IND,4,-0.25,-21.6,1713,15,0,0.06666666666666667,0.2
Travis Hunter,WR,JAX,3,-0.1,-6.9,1709,7,0.14285714285714285,0.14285714285714285,0.14285714285714285
Isaiah Likely,TE,NYG,4,-0.6,-57.7,1706,13,0,0.07692307692307693,0.23076923076923078
Mike Evans,WR,SF,3,0.08,8.4,1697,7,0,0.14285714285714285,0.5714285714285714
Xavier Worthy,WR,KC,4,-0.22,-22,1695,14,0,0.07142857142857142,0.14285714285714285
George Kittle,TE,SF,3,0.5,49.9,1667,10,0.3,0.7,0.8
Chuba Hubbard,RB,CAR,3,0.09,-2.5,1665,14,0.14285714285714285,0.21428571428571427,0.42857142857142855
Jake Ferguson,TE,DAL,3,0.22,20.7,1660,16,0.3125,0.4375,0.6875
Ricky Pearsall,WR,SF,3,-0.01,-1.9,1638,9,0,0.2222222222222222,0.4444444444444444
Chris Bell,WR,MIA,,,,1632,,NaN,NaN,NaN
Quentin Johnston,WR,LAC,3,0.44,34,1610,14,0.21428571428571427,0.42857142857142855,0.6428571428571429
Michael Pittman,WR,PIT,3,0.36,31.9,1605,16,0.125,0.375,0.5625
Kyle Monangai,RB,CHI,3,0.07,7,1602,16,0.125,0.25,0.4375
Wan'Dale Robinson,WR,TEN,3,0.4,44.4,1597,16,0.25,0.3125,0.375
Jayden Reed,WR,GB,3,-0.1,-10.9,1597,6,0,0,0.16666666666666666
Dalton Kincaid,TE,BUF,3,0.15,11.9,1595,11,0.2727272727272727,0.45454545454545453,0.6363636363636364
Germie Bernard,WR,PIT,,,,1582,,NaN,NaN,NaN
Antonio Williams,WR,WAS,,,,1560,,NaN,NaN,NaN
Nicholas Singleton,RB,TEN,,,,1515,,NaN,NaN,NaN
Zach Charbonnet,RB,SEA,3,0.37,35.2,1491,15,0.13333333333333333,0.26666666666666666,0.6
Jayden Higgins,WR,HOU,4,-0.28,-27.3,1469,16,0.0625,0.0625,0.25
Blake Corum,RB,LA,4,-0.13,-14.7,1467,16,0.0625,0.1875,0.3125
Jaylen Warren,RB,PIT,2,0.74,70.1,1464,15,0.2,0.5333333333333333,0.8
Rico Dowdle,RB,PIT,2,0.73,70.9,1454,16,0.1875,0.3125,0.625
Romeo Doubs,WR,NE,3,0.18,11.5,1429,16,0.0625,0.125,0.3125
Courtland Sutton,WR,DEN,2,0.62,54.3,1409,16,0.125,0.5,0.625
Tua Tagovailoa,QB,ATL,3,0.01,-2.92,1396,14,0,0.14285714285714285,0.5
Carson Beck,QB,ARI,,,,1396,,NaN,NaN,NaN
Ted Hurst,WR,TB,,,,1393,,NaN,NaN,NaN
Jakobi Meyers,WR,JAX,3,0.15,11,1379,15,0,0.26666666666666666,0.4
Kenneth Gainwell,RB,TB,3,0.47,45.1,1378,16,0.25,0.375,0.5
Michael Penix,QB,ATL,3,0.14,8.98,1372,9,0,0.1111111111111111,0.6666666666666666
Mike Washington,RB,LV,,,,1368,,NaN,NaN,NaN
Chig Okonkwo,TE,WAS,4,-0.35,-29.6,1367,16,0.125,0.1875,0.3125
Brenton Strange,TE,JAX,3,-0.09,-8,1352,11,0.18181818181818182,0.36363636363636365,0.6363636363636364
Tony Pollard,RB,TEN,3,0.36,36.5,1347,16,0.125,0.3125,0.5625
Mark Andrews,TE,BAL,4,-0.27,-21.3,1337,16,0.1875,0.1875,0.375
Rhamondre Stevenson,RB,NE,3,0.27,25.3,1336,13,0.15384615384615385,0.38461538461538464,0.46153846153846156
Travis Kelce,TE,KC,3,0.3,27.1,1315,16,0.25,0.5,0.75
Shedeur Sanders,QB,CLE,3,0.09,7.18,1301,7,0.14285714285714285,0.14285714285714285,0.42857142857142855
J.K. Dobbins,RB,DEN,3,0.38,32.6,1300,10,0,0.5,0.8
Drew Allar,QB,PIT,,,,1298,,NaN,NaN,NaN
Jacory Croskey-Merritt,RB,WAS,3,0.14,8,1292,16,0.1875,0.25,0.3125
De'Zhaun Stribling,WR,SF,,,,1287,,NaN,NaN,NaN
Jalen McMillan,WR,TB,3,-0.03,-2.7,1263,3,0,0.3333333333333333,0.3333333333333333
Geno Smith,QB,NYJ,3,0.05,3.28,1262,15,0.06666666666666667,0.13333333333333333,0.4
Malachi Fields,WR,NYG,,,,1257,,NaN,NaN,NaN
Chris Godwin,WR,TB,3,-0.02,-0.8,1243,8,0.125,0.125,0.25
T.J. Hockenson,TE,MIN,4,-0.36,-31.5,1226,15,0.06666666666666667,0.06666666666666667,0.4666666666666667
Rachaad White,RB,WAS,3,-0.06,-8,1214,16,0.125,0.1875,0.3125
J.J. McCarthy,QB,MIN,3,0.19,15.5,1214,9,0,0.1111111111111111,0.5555555555555556
Jordan Mason,RB,MIN,3,-0.05,-5.9,1210,15,0.06666666666666667,0.13333333333333333,0.4
Eli Raridon,TE,NE,,,,1207,,NaN,NaN,NaN
Jalen Coker,WR,CAR,4,-0.13,-17.6,1201,10,0,0.1,0.3
Tyler Allgeier,RB,ARI,3,-0.08,-11.7,1184,16,0.0625,0.1875,0.4375
Jacoby Brissett,QB,ARI,3,0.5,52.6,1183,13,0.07692307692307693,0.38461538461538464,0.7692307692307693
AJ Barner,TE,SEA,3,-0.06,-6.8,1183,16,0.125,0.375,0.5
Zachariah Branch,WR,ATL,,,,1183,,NaN,NaN,NaN
Gunnar Helm,TE,TEN,4,-0.64,-55.7,1166,16,0,0.125,0.1875
Khalil Shakir,WR,BUF,3,0.05,4.2,1159,16,0.0625,0.1875,0.375
Dallas Goedert,TE,PHI,3,0.39,38.5,1154,15,0.26666666666666666,0.4,0.7333333333333333
Ja'Kobi Lane,WR,BAL,,,,1149,,NaN,NaN,NaN
Aaron Rodgers,QB,PIT,3,0.33,31.2,1148,15,0,0.2,0.4666666666666667
Tyrone Tracy,RB,NYG,3,0.05,10,1143,14,0.07142857142857142,0.2857142857142857,0.2857142857142857
Kaelon Black,RB,SF,,,,1132,,NaN,NaN,NaN
Greg Dulcich,TE,MIA,4,-0.28,-25.7,1118,9,0.1111111111111111,0.1111111111111111,0.3333333333333333
Isiah Pacheco,RB,DET,4,-0.29,-26.4,1097,13,0,0.07692307692307693,0.23076923076923078
Aaron Jones,RB,MIN,3,0.1,10.2,1082,12,0,0.3333333333333333,0.5833333333333334
Brian Robinson,RB,ATL,4,-0.72,-68.3,1081,16,0,0.0625,0.125
Woody Marks,RB,HOU,3,0.09,9.6,1076,15,0.13333333333333333,0.3333333333333333,0.4666666666666667
Keaton Mitchell,RB,LAC,4,-0.4,-41.4,1071,12,0,0,0.16666666666666666
Stefon Diggs,WR,,3,0.37,34.5,1071,16,0.1875,0.25,0.5
Chris Brooks,RB,GB,5,-1.06,-105.2,1053,16,0,0,0
Hunter Henry,TE,NE,3,0.14,15.1,1050,16,0.125,0.3125,0.5625
Emmett Johnson,RB,KC,,,,1049,,NaN,NaN,NaN
Chris Rodriguez,RB,JAX,4,-0.18,-17.3,1047,12,0,0.16666666666666666,0.4166666666666667
Skyler Bell,WR,BUF,,,,1031,,NaN,NaN,NaN
Elijah Sarratt,WR,BAL,,,,1029,,NaN,NaN,NaN
Dylan Sampson,RB,CLE,4,-0.44,-42.7,974,14,0,0.14285714285714285,0.21428571428571427
Kaytron Allen,RB,WAS,,,,961,,NaN,NaN,NaN
Tre' Harris,WR,LAC,5,-0.83,-77.8,957,16,0,0,0
Rashid Shaheed,WR,SEA,3,-0.06,-7.8,953,17,0.058823529411764705,0.11764705882352941,0.17647058823529413
Tank Bigsby,RB,PHI,5,-0.93,-90.7,952,16,0,0.0625,0.125
Alvin Kamara,RB,NO,3,0.02,-1.3,944,11,0,0.2727272727272727,0.45454545454545453
David Njoku,TE,LAC,4,-0.27,-24.2,941,12,0,0.25,0.5
Isaac TeSlaa,WR,DET,4,-0.57,-61.8,935,16,0,0.125,0.25
Max Klare,TE,LA,,,,933,,NaN,NaN,NaN
Demond Claiborne,RB,MIN,,,,926,,NaN,NaN,NaN
Keon Coleman,WR,BUF,4,-0.17,-22.6,922,12,0.08333333333333333,0.08333333333333333,0.16666666666666666
Chris Brazzell,WR,CAR,,,,912,,NaN,NaN,NaN
Jerry Jeudy,WR,CLE,4,-0.34,-33.6,910,16,0.0625,0.125,0.125
Kaleb Johnson,RB,PIT,5,-0.76,-72.2,907,10,0,0,0
Jalen Nailor,WR,LV,4,-0.52,-48.2,906,16,0.125,0.125,0.125
Tyjae Spears,RB,TEN,3,-0.08,-8.5,904,12,0,0.16666666666666666,0.3333333333333333
Braelon Allen,RB,NYJ,4,-0.2,-19,903,4,0,0,0
Juwan Johnson,TE,NO,3,0.08,9.7,902,16,0.1875,0.375,0.75
Oscar Delp,TE,NO,,,,899,,NaN,NaN,NaN
Jack Bech,WR,LV,5,-0.89,-87.3,889,15,0,0,0
Jauan Jennings,WR,MIN,3,0.28,30.4,886,14,0,0.35714285714285715,0.5714285714285714
Mac Jones,QB,SF,3,-0.02,-4.08,880,11,0,0.18181818181818182,0.5454545454545454
Kirk Cousins,QB,LV,3,-0.07,-7.26,857,9,0.1111111111111111,0.1111111111111111,0.3333333333333333
Jaylin Noel,WR,HOU,5,-0.77,-73.4,842,16,0,0.0625,0.125
Terrance Ferguson,TE,LA,4,-0.7,-62.6,840,14,0,0.07142857142857142,0.21428571428571427
Jalen Milroe,QB,SEA,4,-0.44,-42.76,830,3,0,0,0
Trey Benson,RB,ARI,3,-0.03,-3.4,792,4,0,0,0.25
Kayshon Boutte,WR,NE,3,0.02,-1.5,791,13,0.15384615384615385,0.3076923076923077,0.38461538461538464
Cade Klubnik,QB,NYJ,,,,763,,NaN,NaN,NaN
Tory Horton,WR,SEA,3,-0.08,-6.2,735,8,0.25,0.25,0.375
Cade Otton,TE,TB,4,-0.53,-43.2,667,15,0,0.06666666666666667,0.26666666666666666
Jalen Royals,WR,KC,4,-0.49,-48.2,660,6,0,0,0
Jordan James,RB,SF,4,-0.15,-16.3,657,2,0,0,0
Malik Washington,WR,MIA,4,-0.48,-45,653,16,0,0.0625,0.125
Adam Randall,RB,BAL,,,,648,,NaN,NaN,NaN
Dalton Schultz,TE,HOU,3,-0.04,0.8,641,16,0.0625,0.3125,0.5625
Anthony Richardson,QB,IND,4,-0.28,-27.6,612,2,0,0,0
Justin Joly,TE,DEN,,,,606,,NaN,NaN,NaN
Michael Mayer,TE,LV,4,-0.42,-41.8,565,12,0.08333333333333333,0.16666666666666666,0.16666666666666666
Elijah Arroyo,TE,SEA,5,-0.81,-72.5,559,13,0,0,0.07692307692307693
Elic Ayomanor,WR,TEN,4,-0.36,-31.6,556,15,0,0,0.2
Tre Tucker,WR,LV,3,0.04,2.4,534,16,0.0625,0.125,0.25
Ollie Gordon,RB,MIA,5,-0.81,-77.9,534,16,0,0.0625,0.1875
Emanuel Wilson,RB,SEA,4,-0.47,-43.6,529,16,0.0625,0.125,0.25
Sean Tucker,RB,TB,4,-0.44,-37.1,529,16,0.0625,0.125,0.25
LeQuint Allen,RB,JAX,5,-1.07,-104.7,521,16,0,0,0
Pat Freiermuth,TE,PIT,4,-0.48,-37.2,511,16,0.0625,0.125,0.3125
Tyreek Hill,WR,,3,0.09,9.3,504,4,0,0,0.75
Jaydon Blue,RB,DAL,4,-0.23,-22.5,498,4,0,0,0
Jaylen Wright,RB,MIA,4,-0.27,-27.5,497,9,0.1111111111111111,0.1111111111111111,0.2222222222222222
Justin Fields,QB,KC,3,0.45,30.78,494,9,0.3333333333333333,0.4444444444444444,0.5555555555555556
Ray Davis,RB,BUF,5,-0.94,-91.7,490,16,0,0.0625,0.0625
Kimani Vidal,RB,LAC,3,0.22,14.9,485,12,0.3333333333333333,0.3333333333333333,0.4166666666666667
Michael Trigg,TE,DAL,,,,483,,NaN,NaN,NaN
Brenen Thompson,WR,LAC,,,,481,,NaN,NaN,NaN
Dontayvion Wicks,WR,PHI,4,-0.42,-49.7,477,14,0.07142857142857142,0.07142857142857142,0.07142857142857142
Pat Bryant,WR,DEN,4,-0.63,-58,472,14,0,0.07142857142857142,0.14285714285714285
Troy Franklin,WR,DEN,3,0.14,16.2,470,16,0.1875,0.25,0.375
Darnell Mooney,WR,NYG,4,-0.51,-47.4,467,14,0,0.07142857142857142,0.07142857142857142
Adonai Mitchell,WR,NYJ,4,-0.45,-48.3,463,15,0.06666666666666667,0.13333333333333333,0.2
Kevin Coleman,WR,MIA,,,,460,,NaN,NaN,NaN
Jake Tonges,TE,SF,4,-0.47,-48.3,458,16,0.0625,0.1875,0.375
Mason Taylor,TE,NYJ,4,-0.38,-34.4,457,13,0,0.15384615384615385,0.3076923076923077
Kyle Williams,WR,NE,5,-0.83,-82.8,457,16,0,0.0625,0.1875
Xavier Legette,WR,CAR,4,-0.47,-42.9,452,14,0.14285714285714285,0.14285714285714285,0.21428571428571427
Garrett Nussmeier,QB,KC,,,,440,,NaN,NaN,NaN
Calvin Ridley,WR,TEN,4,-0.18,-17.7,432,7,0,0.14285714285714285,0.14285714285714285
Taylen Green,QB,CLE,,,,431,,NaN,NaN,NaN
Caleb Douglas,WR,MIA,,,,423,,NaN,NaN,NaN
Chimere Dike,WR,TEN,4,-0.39,-30,416,16,0.0625,0.1875,0.3125
DJ Giddens,RB,IND,4,-0.59,-57.4,411,8,0,0,0
Eli Heidenreich,RB,PIT,,,,409,,NaN,NaN,NaN
Bryce Lance,WR,NO,,,,406,,NaN,NaN,NaN
Cooper Kupp,WR,SEA,4,-0.32,-29.4,399,15,0,0,0.2
Colby Parkinson,TE,LA,4,-0.31,-19.9,396,14,0.14285714285714285,0.35714285714285715,0.42857142857142855
Zavion Thomas,WR,CHI,,,,388,,NaN,NaN,NaN
Evan Engram,TE,DEN,4,-0.48,-46.6,378,15,0,0.06666666666666667,0.26666666666666666
James Conner,RB,ARI,3,0.07,4.7,374,3,0,0.3333333333333333,0.6666666666666666
Deebo Samuel,WR,,3,0.37,27.7,364,15,0.2,0.26666666666666666,0.4666666666666667
Marvin Mims,WR,DEN,4,-0.45,-40.5,335,14,0.07142857142857142,0.14285714285714285,0.14285714285714285
Isaiah Bond,WR,CLE,5,-0.81,-76.3,318,15,0,0,0.06666666666666667
George Holani,RB,SEA,4,-0.67,-65.8,307,11,0,0,0.09090909090909091
Devin Neal,RB,NO,4,-0.25,-25.1,305,10,0,0.1,0.3
Christian Kirk,WR,SF,4,-0.54,-52.3,293,12,0,0.08333333333333333,0.08333333333333333
Ryan Flournoy,WR,DAL,4,-0.35,-34.5,287,15,0.06666666666666667,0.13333333333333333,0.13333333333333333
Theo Johnson,TE,NYG,4,-0.17,-11.5,283,15,0.06666666666666667,0.3333333333333333,0.4666666666666667
Rashod Bateman,WR,BAL,4,-0.67,-60.2,282,13,0,0.07692307692307693,0.07692307692307693
Ja'Tavion Sanders,TE,CAR,4,-0.65,-62.3,281,13,0,0.07692307692307693,0.23076923076923078
Najee Harris,RB,,4,-0.17,-14.5,280,3,0,0,0
Cyrus Allen,WR,KC,,,,274,,NaN,NaN,NaN
Riley Leonard,QB,IND,4,-0.3,-32.76,257,4,0,0,0
Jalen Tolbert,WR,MIA,4,-0.63,-58.8,247,12,0,0.08333333333333333,0.08333333333333333
Gardner Minshew,QB,ARI,4,-0.48,-53.44,240,4,0,0,0
John Metchie,WR,CAR,5,-0.75,-68.2,229,15,0,0.13333333333333333,0.13333333333333333
Tahj Brooks,RB,CIN,5,-1.1,-111,227,15,0,0,0
Joe Flacco,QB,CIN,3,0.12,11.86,223,12,0.16666666666666666,0.25,0.5
Tez Johnson,WR,TB,4,-0.46,-41,222,15,0.06666666666666667,0.2,0.26666666666666666
Andrei Iosivas,WR,CIN,4,-0.59,-56.5,220,16,0,0.0625,0.125
Seth McGowan,RB,IND,,,,219,,NaN,NaN,NaN
Joe Milton,QB,DAL,4,-0.27,-29.06,216,3,0,0,0
Spencer Rattler,QB,NO,4,-0.15,-17.32,211,9,0,0,0.3333333333333333
Dont'e Thornton,WR,LV,5,-0.95,-93.1,210,14,0,0,0
Tutu Atwell,WR,MIA,4,-0.47,-47.7,207,9,0,0.1111111111111111,0.1111111111111111
Trevor Etienne,RB,CAR,5,-1.17,-115.7,204,16,0,0,0
Justice Hill,RB,BAL,4,-0.21,-22.6,204,10,0.1,0.1,0.2
Jameis Winston,QB,NYG,3,0.08,8.06,199,3,0.3333333333333333,0.3333333333333333,0.6666666666666666
Savion Williams,WR,GB,4,-0.73,-73,196,12,0,0,0
Cole Kmet,TE,CHI,4,-0.59,-58.1,188,15,0,0.06666666666666667,0.26666666666666666
Tyson Bagent,QB,CHI,4,-0.35,-38.2,185,3,0,0,0
Darnell Washington,TE,PIT,5,-0.75,-66.8,183,16,0,0.0625,0.1875
Darius Slayton,WR,NYG,4,-0.36,-33.6,183,13,0,0.07692307692307693,0.15384615384615385
Marcus Mariota,QB,WAS,3,0.11,0.8,181,11,0.09090909090909091,0.2727272727272727,0.6363636363636364
Luke Musgrave,TE,GB,5,-0.93,-87.5,179,16,0,0,0.125
Isaiah Davis,RB,NYJ,4,-0.68,-64.2,176,16,0,0.125,0.125
Tyquan Thornton,WR,KC,4,-0.39,-39.1,175,14,0,0.07142857142857142,0.21428571428571427
Mike Gesicki,TE,CIN,4,-0.49,-41,173,12,0.08333333333333333,0.08333333333333333,0.25
Jaylin Lane,WR,WAS,5,-0.86,-79.5,166,15,0,0,0
Jarquez Hunter,RB,LA,4,-0.43,-40.9,165,5,0,0,0
Noah Gray,TE,KC,5,-0.99,-92.6,164,15,0,0,0
Jerome Ford,RB,WAS,5,-0.74,-71,160,13,0,0,0
Dawson Knox,TE,BUF,4,-0.59,-49.6,157,16,0.0625,0.125,0.1875
Trey Lance,QB,LAC,4,-0.39,-35.32,155,3,0,0,0
Cedric Tillman,WR,CLE,4,-0.48,-49.6,154,12,0,0.08333333333333333,0.08333333333333333
Keenan Allen,WR,,3,0.08,6.7,147,16,0.125,0.25,0.25
DeMario Douglas,WR,NE,4,-0.52,-50.1,147,16,0.0625,0.125,0.125
Devaughn Vele,WR,NO,4,-0.48,-50.3,147,13,0.07692307692307693,0.07692307692307693,0.07692307692307693
Marquise Brown,WR,PHI,3,-0.1,-14.1,146,15,0.06666666666666667,0.13333333333333333,0.2
Ben Sinnott,TE,WAS,5,-1.08,-97.5,145,15,0,0,0.06666666666666667
Kendre Miller,RB,NO,4,-0.26,-25.4,143,7,0,0,0.14285714285714285
Will Shipley,RB,PHI,5,-0.99,-98.7,141,14,0,0,0
Jahan Dotson,WR,ATL,5,-0.91,-90.4,137,16,0,0,0.0625
Brashard Smith,RB,KC,5,-0.85,-81.8,135,16,0,0.0625,0.125
Davis Mills,QB,HOU,3,0.05,6.8,129,5,0.2,0.4,0.6
Calvin Austin,WR,NYG,4,-0.45,-46.8,124,13,0,0.07692307692307693,0.15384615384615385
Quinn Ewers,QB,MIA,3,-0.06,-7.14,120,3,0,0,0.3333333333333333
Treylon Burks,WR,WAS,4,-0.35,-35.3,112,7,0,0,0
KeAndre Lambert-Smith,WR,LAC,4,-0.7,-64.8,106,9,0,0,0
Malik Davis,RB,DAL,4,-0.32,-36.2,105,10,0,0.1,0.3
Deion Burks,WR,IND,,,,66,,NaN,NaN,NaN
Isaac Guerendo,RB,SF,5,-1.11,-108.6,42,14,0,0,0
Luke McCaffrey,WR,WAS,4,-0.28,-25.8,24,9,0,0.1111111111111111,0.3333333333333333
Jimmy Horn,WR,CAR,4,-0.72,-72.6,19,12,0,0,0
Jonnu Smith,TE,,4,-0.65,-59.4,18,16,0,0,0.1875
CJ Daniels,WR,LA,,,,17,,NaN,NaN,NaN
Jack Endries,TE,CIN,,,,15,,NaN,NaN,NaN
Jam Miller,RB,NE,,,,14,,NaN,NaN,NaN
Cole Payton,QB,PHI,,,,13,,NaN,NaN,NaN
Sam Roush,TE,CHI,,,,13,,NaN,NaN,NaN
J'Mari Taylor,RB,JAX,,,,12,,NaN,NaN,NaN
Audric Estime,RB,NO,4,-0.21,-19.7,12,6,0.16666666666666666,0.16666666666666666,0.16666666666666666
Mack Hollins,WR,NE,4,-0.35,-29.4,11,15,0,0.06666666666666667,0.26666666666666666
Tyler Huntley,QB,BAL,4,-0.17,-20.68,10,5,0,0,0.4
Charlie Kolar,TE,LAC,5,-1.03,-94.7,8,16,0,0,0.125
Zonovan Knight,RB,ARI,3,-0.1,-12.7,7,12,0,0.3333333333333333,0.5
Emari Demercado,RB,KC,4,-0.49,-48.4,5,12,0,0.08333333333333333,0.16666666666666666
Mitchell Evans,TE,CAR,5,-0.92,-87.9,5,16,0,0,0.125
Cade Stover,TE,HOU,4,-0.52,-49.9,4,8,0,0,0
Dillon Gabriel,QB,CLE,4,-0.59,-57.7,2,10,0,0.1,0.2
Efton Chism,WR,NE,4,-0.41,-42.1,2,7,0,0,0.14285714285714285
Ameer Abdullah,RB,JAX,4,-0.68,-68.7,0,12,0,0,0
Ashton Dulin,WR,IND,4,-0.72,-69.9,0,11,0,0,0
Austin Hooper,TE,ATL,5,-0.8,-70.7,0,15,0,0,0.13333333333333333
Ben Skowronek,WR,PIT,5,-1.09,-110.5,0,16,0,0,0.0625
Bo Melton,WR,GB,5,-0.96,-94,0,15,0,0.06666666666666667,0.06666666666666667
Cedrick Wilson,WR,DET,4,-0.65,-64.8,0,9,0,0,0
Charlie Jones,WR,CIN,5,-1.09,-105.4,0,14,0,0,0
Chase Edmonds,RB,WAS,4,-0.21,-23,0,3,0,0,0
Clayton Tune,QB,GB,3,-0.09,-10.54,0,1,0,0,0
Clyde Edwards-Helaire,RB,KC,3,-0.1,-11.2,0,2,0,0,0
Craig Reynolds,RB,NE,4,-0.59,-56.1,0,7,0,0,0
David Moore,WR,CAR,4,-0.35,-31.5,0,4,0,0,0
Davis Allen,TE,LA,5,-0.8,-74.9,0,16,0,0,0.1875
Adam Trautman,TE,DEN,5,-0.96,-90.7,0,16,0,0,0.125
Allen Lazard,WR,,4,-0.66,-63.3,0,10,0,0,0
Noah Brown,WR,,4,-0.23,-22.6,0,4,0,0,0
Julius Chestnut,RB,TEN,5,-1.23,-121.8,0,16,0,0,0
Jonathan Mingo,WR,DAL,4,-0.34,-36.5,0,5,0,0,0
Will Dissly,TE,,4,-0.49,-47.6,0,8,0,0,0
Curtis Samuel,WR,,4,-0.3,-29.9,0,6,0,0,0
Joshua Dobbs,QB,NE,4,-0.31,-33.96,0,3,0,0,0
Malik Benson,WR,LV,,,,0,,NaN,NaN,NaN
Elijah Mitchell,RB,PHI,3,-0.06,-7.2,0,1,0,0,0
Elijah Moore,WR,PHI,4,-0.49,-46.8,0,9,0,0,0
Marquez Valdes-Scantling,WR,DAL,4,-0.58,-54.6,0,9,0,0,0
Van Jefferson,WR,WAS,5,-0.79,-72.4,0,16,0,0,0.125
Antonio Gibson,RB,,4,-0.23,-19.4,0,5,0,0,0.2
Tommy Tremble,TE,CAR,5,-0.92,-86.5,0,16,0,0.0625,0.125
Nate Boerkircher,TE,JAX,,,,0,,NaN,NaN,NaN
Isaiah Hodgins,WR,NYG,4,-0.27,-25.1,0,6,0,0,0.3333333333333333
Terrell Jennings,RB,NE,4,-0.38,-38.1,0,7,0,0.14285714285714285,0.14285714285714285
Tyler Badie,RB,DEN,5,-0.99,-97.2,0,15,0,0,0
Hunter Long,TE,JAX,4,-0.47,-44.5,0,9,0,0.1111111111111111,0.2222222222222222
Jamari Thrash,WR,CLE,4,-0.6,-56.1,0,9,0,0,0
Brandin Cooks,WR,,5,-0.85,-81.7,0,15,0,0.06666666666666667,0.06666666666666667
Terion Stewart,RB,KC,,,,0,,NaN,NaN,NaN
Gabe Davis,WR,,4,-0.27,-25.7,0,5,0,0,0
Barion Brown,WR,NO,,,,0,,NaN,NaN,NaN
Philip Rivers,QB,IND,3,-0.04,-4.54,0,3,0,0,0.3333333333333333
Tyler Conklin,TE,DET,5,-0.89,-82.1,0,12,0,0,0
Tahj Washington,WR,MIA,4,-0.39,-39.1,0,5,0,0,0
Max Brosmer,QB,MIN,5,-0.77,-77,0,7,0,0,0
Andy Dalton,QB,PHI,4,-0.43,-46.54,0,5,0,0,0
Jawhar Jordan,RB,HOU,3,0.02,2.6,0,3,0,0.3333333333333333,0.6666666666666666
Miles Sanders,RB,,4,-0.11,-9.6,0,4,0,0,0
Raheem Mostert,RB,LV,4,-0.7,-70.7,0,12,0,0,0
Carson Wentz,QB,MIN,3,0.14,12.04,0,5,0,0.2,0.6
Sterling Shepard,WR,,4,-0.43,-39.6,0,13,0,0,0
Taysom Hill,TE,,4,-0.64,-61.62,0,12,0.08333333333333333,0.08333333333333333,0.08333333333333333
Tyler Lockett,WR,,5,-0.83,-77.3,0,16,0,0,0
Zavier Scott,RB,MIN,5,-0.85,-88.1,0,15,0,0.06666666666666667,0.06666666666666667
Jake Browning,QB,TB,3,-0.09,-12.52,0,5,0,0.4,0.4
Adam Thielen,WR,,5,-0.95,-94.7,0,15,0,0,0
Brock Wright,TE,DET,4,-0.59,-55.5,0,11,0,0.09090909090909091,0.18181818181818182
Jaleel McLaughlin,RB,DEN,4,-0.32,-32.4,0,7,0,0,0
Cooper Rush,QB,BAL,4,-0.57,-55.48,0,4,0,0,0
Dameon Pierce,RB,PHI,4,-0.32,-28.7,0,4,0,0,0
DeAndre Hopkins,WR,,4,-0.72,-72.2,0,16,0,0,0.125
Demarcus Robinson,WR,SF,4,-0.6,-59.2,0,13,0,0,0
Hassan Haskins,RB,,5,-0.82,-80.5,0,11,0,0,0
Hunter Renfrow,WR,,4,-0.24,-21.3,0,6,0.16666666666666666,0.16666666666666666,0.16666666666666666
Jeremy McNichols,RB,WAS,4,-0.7,-67.3,0,16,0,0.0625,0.125
Josh Reynolds,WR,,4,-0.26,-22.1,0,5,0,0,0
JuJu Smith-Schuster,WR,NYG,4,-0.73,-73.2,0,16,0,0,0.0625
Kameron Johnson,WR,TB,5,-1.15,-111.6,0,16,0,0.0625,0.0625
Michael Carter,RB,TEN,4,-0.15,-17.1,0,12,0,0.08333333333333333,0.3333333333333333
Joshua Palmer,WR,BUF,4,-0.48,-47.6,0,11,0,0,0
Kalel Mullings,RB,TEN,4,-0.64,-62.5,0,8,0,0,0
Rasheen Ali,RB,BAL,5,-0.97,-92.2,0,14,0,0,0.07142857142857142
Roschon Johnson,RB,CHI,4,-0.52,-53.1,0,7,0,0,0
Kenny Pickett,QB,CAR,4,-0.42,-49.22,0,5,0,0,0
Ty Johnson,RB,BUF,4,-0.61,-55.7,0,16,0,0.0625,0.1875
Austin Ekeler,RB,,3,-0.07,-6.5,0,2,0,0,0
Mitchell Trubisky,QB,TEN,4,-0.34,-35.12,0,3,0,0,0
Raheim Sanders,RB,CLE,3,-0.1,-9.4,0,3,0,0,0
Roman Wilson,WR,PIT,4,-0.72,-68.8,0,13,0.07692307692307693,0.07692307692307693,0.15384615384615385
Russell Wilson,QB,NYG,4,-0.24,-27.14,0,6,0.16666666666666666,0.16666666666666666,0.16666666666666666
Tai Felton,WR,MIN,5,-1.27,-124,0,16,0,0,0
Tyrod Taylor,QB,GB,3,-0.07,-11.96,0,6,0.16666666666666666,0.3333333333333333,0.5
Xavier Hutchinson,WR,HOU,4,-0.56,-58.4,0,16,0.0625,0.125,0.125
Devontez Walker,WR,BAL,4,-0.72,-67.1,0,11,0,0.09090909090909091,0.09090909090909091
Jordan Whittington,WR,LA,5,-1.03,-100.1,0,16,0,0,0
KaVontae Turpin,WR,DAL,4,-0.41,-40.1,0,14,0.07142857142857142,0.07142857142857142,0.14285714285714285
Kendrick Bourne,WR,ARI,4,-0.43,-45.9,0,15,0.06666666666666667,0.13333333333333333,0.13333333333333333
Konata Mumpfield,WR,LA,5,-1.11,-107.2,0,16,0,0,0
Noah Fant,TE,NO,4,-0.54,-50,0,14,0,0.14285714285714285,0.2857142857142857
Olamide Zaccheaus,WR,ATL,4,-0.53,-53.4,0,15,0,0.06666666666666667,0.06666666666666667
Daniel Bellinger,TE,TEN,5,-0.86,-77.2,0,15,0.06666666666666667,0.06666666666666667,0.13333333333333333
Darren Waller,TE,,3,0.07,5.2,0,9,0.3333333333333333,0.3333333333333333,0.5555555555555556
Devin Singletary,RB,NYG,4,-0.35,-36.7,0,16,0.0625,0.1875,0.25
Greg Dortch,WR,DET,4,-0.41,-34.1,0,12,0,0.16666666666666666,0.16666666666666666
Jalin Hyatt,WR,NYG,4,-0.56,-56.9,0,8,0,0,0
Jarrett Stidham,QB,DEN,3,-0.08,-8.86,0,1,0,0,0
Jimmy Garoppolo,QB,LA,4,-0.2,-23.34,0,2,0,0,0
Jordan Watkins,WR,SF,4,-0.28,-28.4,0,4,0,0,0
Kareem Hunt,RB,,3,0.06,5.6,0,16,0.125,0.375,0.4375
Le'Veon Moss,RB,,,,,0,,NaN,NaN,NaN
Mason Rudolph,QB,PIT,4,-0.5,-48.84,0,5,0,0,0
Nathan Carter,RB,ATL,4,-0.45,-43.7,0,6,0,0,0
Nick Chubb,RB,,4,-0.33,-36.4,0,15,0,0.13333333333333333,0.2
Samaje Perine,RB,CIN,4,-0.53,-49.2,0,14,0,0.07142857142857142,0.21428571428571427
Tanner McKee,QB,PHI,4,-0.32,-35.78,0,3,0,0,0
Tyler Higbee,TE,LA,4,-0.34,-28.8,0,9,0,0.1111111111111111,0.3333333333333333
Xavier Restrepo,WR,TEN,4,-0.12,-10.2,0,2,0,0,0
Zach Ertz,TE,,3,0,-1,0,13,0.15384615384615385,0.3076923076923077,0.5384615384615384
Zach Wilson,QB,NO,4,-0.29,-30.58,0,3,0,0,0
Arian Smith,WR,NYJ,5,-1.09,-108.3,0,15,0,0,0
Zamir White,RB,,4,-0.38,-34.6,0,5,0,0,0
Dyami Brown,WR,WAS,4,-0.68,-71.3,0,14,0,0.07142857142857142,0.07142857142857142
AJ Dillon,RB,CAR,4,-0.46,-42.2,0,6,0,0,0
Lil'Jordan Humphrey,WR,DEN,4,-0.43,-42.4,0,9,0,0,0.1111111111111111
Skyy Moore,WR,GB,5,-1.18,-115.2,0,16,0,0,0
Luke Altmyer,QB,DET,,,,0,,NaN,NaN,NaN
Ray-Ray McCloud,WR,,4,-0.4,-38.7,0,6,0,0,0
Reggie Virgil,WR,ARI,,,,0,,NaN,NaN,NaN
Trinidad Chambliss,QB,,,,,0,,NaN,NaN,NaN
Tyrell Shavers,WR,BUF,5,-0.96,-89.2,0,16,0.0625,0.0625,0.0625
Luke Schoonmaker,TE,DAL,5,-1.16,-106.9,0,16,0,0,0
DeeJay Dallas,RB,JAX,4,-0.36,-36.6,0,5,0,0,0
Derius Davis,WR,LAC,5,-0.81,-79.4,0,10,0,0,0
D'Ernest Johnson,RB,NE,4,-0.48,-53,0,7,0,0,0
Deven Thompkins,WR,ATL,4,-0.44,-44.2,0,6,0,0,0
Devin Duvernay,WR,ARI,5,-1.24,-122.8,0,16,0,0,0
Thomas Fidone,TE,NYG,4,-0.53,-52.9,0,7,0,0,0
DJ Turner,WR,LV,3,-0.07,-7.7,0,1,0,0,0
Nick Westbrook-Ikhine,WR,IND,5,-1.03,-97.5,0,14,0,0,0
Drew Ogletree,TE,IND,5,-1.17,-107.6,0,15,0,0,0.06666666666666667
Drew Sample,TE,CIN,5,-1.13,-104.2,0,16,0,0,0.0625
Dylan Laube,RB,LV,5,-1.23,-122.3,0,16,0,0,0
Elijah Higgins,TE,ARI,5,-0.93,-86.9,0,16,0,0.0625,0.0625
Eric Gray,RB,NYG,4,-0.24,-23.4,0,3,0,0,0
Foster Moreau,TE,HOU,5,-0.78,-76,0,11,0,0,0
Grant Calcaterra,TE,PHI,5,-1.12,-102.2,0,14,0,0,0
Harrison Bryant,TE,SEA,5,-0.89,-86.3,0,11,0,0,0
Ian Thomas,TE,LV,5,-1,-91.8,0,14,0,0,0.07142857142857142
Jake Bobo,WR,SEA,5,-0.75,-76.4,0,10,0,0,0
Jared Wiley,TE,KC,4,-0.35,-31.4,0,4,0,0,0
Jeff Wilson,RB,,4,-0.2,-17.1,0,2,0,0,0
Jelani Woods,TE,NYJ,4,-0.3,-30.4,0,4,0,0,0
Jeremy Ruckert,TE,NYJ,5,-0.95,-89.7,0,16,0,0,0.0625
Malachi Corley,WR,CLE,4,-0.72,-72.1,0,12,0,0,0
Josh Oliver,TE,MIN,5,-0.75,-67.1,0,14,0.07142857142857142,0.07142857142857142,0.21428571428571427
Josh Whyle,TE,GB,4,-0.45,-43.2,0,7,0,0,0.14285714285714285
Julian Hill,TE,NE,5,-0.89,-80.6,0,13,0,0,0
Justin Shorter,WR,LV,4,-0.61,-56.7,0,7,0,0,0
Justin Watson,WR,HOU,4,-0.15,-12.7,0,2,0,0,0
Kalif Raymond,WR,CHI,4,-0.62,-62.6,0,14,0,0.07142857142857142,0.07142857142857142
Kendall Milton,RB,CIN,3,-0.06,-7,0,1,0,0,0
Khalil Herbert,RB,,4,-0.46,-46.4,0,6,0,0,0
Kylen Granson,TE,TEN,5,-1.31,-122.6,0,16,0,0,0
LaJohntay Wester,WR,BAL,5,-1.34,-130.2,0,16,0,0,0
Lucas Krull,TE,DEN,4,-0.26,-21.7,0,3,0,0,0
Malik Cunningham,WR,DET,3,-0.07,-7.6,0,1,0,0,0
Malik Heath,WR,ATL,5,-0.78,-75.3,0,11,0,0,0
Mason Tipton,WR,NO,5,-1,-96.6,0,14,0,0,0
Mecole Hardman,WR,BUF,4,-0.17,-17.6,0,2,0,0,0
Cam Akers,RB,,4,-0.33,-33.62,0,5,0,0,0
Parris Campbell,WR,DAL,3,-0.07,-7.2,0,1,0,0,0
Ronnie Bell,WR,NO,3,-0.08,-7.7,0,1,0,0,0
Ronnie Rivers,RB,LA,4,-0.7,-72.9,0,10,0,0,0
Scotty Miller,WR,CHI,5,-0.86,-85.4,0,12,0,0,0
Sione Vaki,RB,DET,5,-0.75,-77.4,0,10,0,0,0
Drew Lock,QB,SEA,4,-0.59,-60.86,0,5,0,0,0
Stone Smartt,TE,PHI,5,-1.07,-100.4,0,14,0,0,0.07142857142857142
Tanner Hudson,TE,CIN,5,-0.81,-72,0,14,0,0,0.14285714285714285
Tim Patrick,WR,NYJ,5,-0.8,-76,0,15,0.06666666666666667,0.06666666666666667,0.2
Tip Reiman,TE,ARI,4,-0.36,-29.6,0,4,0,0,0
Travis Homer,RB,PIT,4,-0.69,-70.1,0,9,0,0,0
Trayveon Williams,RB,,4,-0.37,-37.6,0,6,0,0,0
Trey Sermon,RB,,4,-0.31,-31.7,0,4,0,0,0
Ty Chandler,RB,NO,4,-0.16,-13.5,0,2,0,0,0
Tylan Wallace,WR,CLE,5,-0.91,-90.2,0,13,0,0,0
Tyler Goodson,RB,ATL,5,-0.74,-74.7,0,10,0,0,0
Tyler Johnson,WR,DAL,4,-0.67,-63.7,0,12,0,0.08333333333333333,0.08333333333333333
Will Mallory,TE,IND,4,-0.16,-14.2,0,2,0,0,0
Xavier Gipson,WR,NYG,4,-0.45,-46.1,0,6,0,0,0
Zay Jones,WR,,4,-0.42,-39.1,0,8,0,0,0.125

Data Exported from dynasty-daddy.com.